Name,Organization,Order Code,Number of Attempts,Results Delivered,Master Mix,qPCR Nuclease Free Water,SARS-CoV-2 Positive Control,Primers and Probes,qPCR Plate Barcode,qPCR Prep User,qPCR Plate Well Location,qPCR Prep Instrument SN,Sample Process Status
62020051903406,Boston University,SARSCOV2,0,Pending,56464531,64818985,189877985,64651512,H3K006G7,CAMG,G3,SN0000,qPCR Plate Prepared
62020051903408,Boston University,SARSCOV2,0,Pending,56464531,64818985,189877985,64651512,H3K006G7,CAMG,G5,SN0000,qPCR Plate Prepared
62020051903414,Boston University,SARSCOV2,0,Pending,56464531,64818985,189877985,64651512,H3K006G7,CAMG,H5,SN0000,qPCR Plate Prepared
62020051903410,Boston University,SARSCOV2,0,Pending,56464531,64818985,189877985,64651512,H3K006G7,CAMG,G7,SN0000,qPCR Plate Prepared
62020051903411,Boston University,SARSCOV2,0,Pending,56464531,64818985,189877985,64651512,H3K006G7,CAMG,G8,SN0000,qPCR Plate Prepared
62020051903407,Boston University,SARSCOV2,0,Pending,56464531,64818985,189877985,64651512,H3K006G7,CAMG,G4,SN0000,qPCR Plate Prepared
62020051903412,Boston University,SARSCOV2,0,Pending,56464531,64818985,189877985,64651512,H3K006G7,CAMG,H3,SN0000,qPCR Plate Prepared
62020051903413,Boston University,SARSCOV2,0,Pending,56464531,64818985,189877985,64651512,H3K006G7,CAMG,H4,SN0000,qPCR Plate Prepared
62020051903417,Boston University,SARSCOV2,0,Pending,56464531,64818985,189877985,64651512,H3K006G7,CAMG,H8,SN0000,qPCR Plate Prepared
62020051903409,Boston University,SARSCOV2,0,Pending,56464531,64818985,189877985,64651512,H3K006G7,CAMG,G6,SN0000,qPCR Plate Prepared
62020051903415,Boston University,SARSCOV2,0,Pending,56464531,64818985,189877985,64651512,H3K006G7,CAMG,H6,SN0000,qPCR Plate Prepared
62020051903416,Boston University,SARSCOV2,0,Pending,56464531,64818985,189877985,64651512,H3K006G7,CAMG,H7,SN0000,qPCR Plate Prepared
